Neighborhood,Price,Bedrooms,Bathrooms,House Size,Description,Neighborhood Description
Willow Creek,$650,000,4,3,2,500 sqft,"Escape to this serene retreat in the sought-after neighborhood of Willow Creek. This spacious 4-bedroom, 3-bathroom home features a cozy fireplace, updated kitchen, and a large backyard perfect for entertaining. Enjoy the peaceful surroundings and easy access to hiking trails and parks in Willow Creek.","Willow Creek offers a peaceful suburban lifestyle with top-rated schools, community events, and local shops. Explore the nearby Willow Creek Nature Preserve or grab a bite to eat at the charming Willow Creek Bistro."
Sunset Hills,$900,000,5,4,3,800 sqft,"Luxury living awaits in this stunning 5-bedroom, 4-bathroom home in Sunset Hills. With high-end finishes, a gourmet kitchen, and a spacious master suite, this home is perfect for those who appreciate the finer things in life. The backyard oasis features a pool, spa, and outdoor kitchen, ideal for hosting gatherings with family and friends.","Sunset Hills is known for its upscale lifestyle, exclusive country clubs, and scenic views of the surrounding hills. Enjoy easy access to fine dining, shopping, and entertainment options in this prestigious neighborhood."
Riverfront Estates,$1,200,000,6,5,4,200 sqft,"Experience waterfront living in this luxurious 6-bedroom, 5-bathroom estate in Riverfront Estates. This custom-built home features panoramic views of the river, a private dock, and a gourmet kitchen with top-of-the-line appliances. The expansive outdoor space includes a pool, spa, and outdoor kitchen, perfect for enjoying the waterfront lifestyle.","Riverfront Estates offers a unique blend of luxury living and outdoor recreation. Residents can enjoy boating, fishing, and water sports right in their backyard. Explore the nearby Riverfront Park or dine at the upscale restaurants along the riverfront."
Downtown Loft District,$500,000,2,2,1,200 sqft,"Live in the heart of the city in this modern 2-bedroom, 2-bathroom loft in the Downtown Loft District. This industrial-chic space features exposed brick walls, high ceilings, and large windows with city views. The open floor plan is perfect for urban living, with easy access to restaurants, shops, and nightlife.","The Downtown Loft District is a vibrant urban neighborhood with a mix of historic buildings and trendy lofts. Explore art galleries, boutiques, and cafes in the bustling downtown area. With public transportation options nearby, commuting is convenient for city dwellers."
Lakeview Terrace,$750,000,3,2,1,800 sqft,"Enjoy lakefront living in this charming 3-bedroom, 2-bathroom home in Lakeview Terrace. This cozy retreat features a stone fireplace, vaulted ceilings, and a deck overlooking the lake. The tranquil setting is perfect for relaxing and enjoying the natural beauty of the lakefront.","Lakeview Terrace offers a peaceful lakeside lifestyle with access to boating, fishing, and hiking trails. Residents can unwind at the nearby Lakeview Terrace Spa or dine at the lakeside restaurant. Experience the beauty of nature in this idyllic lakeside community."
Mountain View Heights,$850,000,4,3,2,300 sqft,"Escape to the mountains in this spacious 4-bedroom, 3-bathroom home in Mountain View Heights. This mountain retreat features a stone fireplace, hardwood floors, and a deck with panoramic mountain views. The tranquil setting is perfect for outdoor enthusiasts and nature lovers.","Mountain View Heights offers a peaceful mountain lifestyle with access to hiking trails, ski resorts, and scenic overlooks. Residents can explore the nearby Mountain View Park or relax at the Mountain View Heights Lodge. Experience the beauty of the mountains in this serene mountain community."
Oceanfront Paradise,$1,500,000,5,4,3,500 sqft,"Live the beachfront dream in this luxurious 5-bedroom, 4-bathroom estate in Oceanfront Paradise. This custom-built home features ocean views, a private beach access, and a gourmet kitchen with ocean-inspired decor. The outdoor space includes a pool, spa, and outdoor lounge area, perfect for enjoying the coastal lifestyle.","Oceanfront Paradise offers a luxurious beachfront lifestyle with access to surfing, swimming, and beachcombing. Residents can relax at the nearby Oceanfront Paradise Beach Club or dine at the upscale seafood restaurants along the coast. Experience the beauty of the ocean in this exclusive beachfront community."
Golf Course Estates,$950,000,4,3,2,700 sqft,"Live in luxury in this elegant 4-bedroom, 3-bathroom home in Golf Course Estates. This custom-designed home features a grand foyer, gourmet kitchen, and a private backyard overlooking the golf course. The spacious master suite includes a spa-like bathroom and a private balcony with golf course views.","Golf Course Estates offers a prestigious golf course lifestyle with access to championship courses, country clubs, and golf events. Residents can tee off at the nearby Golf Course Estates Golf Club or dine at the upscale restaurants overlooking the fairways. Enjoy the beauty of the golf course in this exclusive golf community."
Historic District,$700,000,3,2,1,500 sqft,"Step back in time in this historic 3-bedroom, 2-bathroom home in the charming Historic District. This restored home features original hardwood floors, vintage fixtures, and a cozy front porch. The historic charm is complemented by modern updates, making this home a perfect blend of old and new.","The Historic District is a quaint neighborhood with tree-lined streets, historic homes, and local boutiques. Explore the nearby Historic District Museum or attend community events in the historic town square. Experience the charm of yesteryear in this historic neighborhood."
