,Neighborhood,Price,Bedrooms,Bathrooms,House Size,Description,Neighborhood Description,Combined Description
0,Willow Creek,"$650,000",4,3,"2,500 sqft","This spacious 4-bedroom, 3-bathroom home in Willow Creek offers a perfect blend of modern amenities and classic charm. The open floor plan features a gourmet kitchen, cozy fireplace, and a luxurious master suite. The backyard oasis includes a pool and outdoor kitchen, ideal for entertaining guests.","Willow Creek is a family-friendly neighborhood with top-rated schools, parks, and community events. Enjoy easy access to shopping centers, restaurants, and hiking trails in this desirable area.","This spacious 4-bedroom, 3-bathroom home in Willow Creek offers a perfect blend of modern amenities and classic charm. The open floor plan features a gourmet kitchen, cozy fireplace, and a luxurious master suite. The backyard oasis includes a pool and outdoor kitchen, ideal for entertaining guests. Willow Creek is a family-friendly neighborhood with top-rated schools, parks, and community events. Enjoy easy access to shopping centers, restaurants, and hiking trails in this desirable area."
1,Sunset Hills,"$900,000",5,4,"3,200 sqft","Located in the prestigious Sunset Hills neighborhood, this stunning 5-bedroom, 4-bathroom home offers luxury living at its finest. The grand foyer leads to a gourmet kitchen, formal dining room, and spacious living area with panoramic views. The master suite features a spa-like bathroom and walk-in closet. The backyard retreat includes a pool, spa, and outdoor fireplace.","Sunset Hills is known for its upscale homes, tree-lined streets, and exclusive country club. Residents enjoy access to top-rated schools, golf courses, and fine dining options in this sought-after community.","Located in the prestigious Sunset Hills neighborhood, this stunning 5-bedroom, 4-bathroom home offers luxury living at its finest. The grand foyer leads to a gourmet kitchen, formal dining room, and spacious living area with panoramic views. The master suite features a spa-like bathroom and walk-in closet. The backyard retreat includes a pool, spa, and outdoor fireplace. Sunset Hills is known for its upscale homes, tree-lined streets, and exclusive country club. Residents enjoy access to top-rated schools, golf courses, and fine dining options in this sought-after community."
2,Riverfront Estates,"$1,200,000",6,5,"4,500 sqft","Welcome to this custom-built 6-bedroom, 5-bathroom estate in Riverfront Estates. The grand entrance leads to a chef's kitchen, formal dining room, and expansive living area with vaulted ceilings. The luxurious master suite features a private balcony overlooking the river. The outdoor space includes a covered patio, pool, and lush landscaping.","Riverfront Estates offers a serene waterfront setting with private boat docks, walking trails, and community events. Enjoy the peaceful ambiance and natural beauty of this exclusive neighborhood.","Welcome to this custom-built 6-bedroom, 5-bathroom estate in Riverfront Estates. The grand entrance leads to a chef's kitchen, formal dining room, and expansive living area with vaulted ceilings. The luxurious master suite features a private balcony overlooking the river. The outdoor space includes a covered patio, pool, and lush landscaping. Riverfront Estates offers a serene waterfront setting with private boat docks, walking trails, and community events. Enjoy the peaceful ambiance and natural beauty of this exclusive neighborhood."
3,Downtown Loft,"$500,000",2,1,"1,200 sqft","Live in the heart of the city in this stylish 2-bedroom, 1-bathroom loft in Downtown. The industrial-chic design features exposed brick walls, high ceilings, and large windows with city views. The open floor plan includes a modern kitchen, spacious living area, and a rooftop deck for entertaining.","Downtown is a vibrant urban neighborhood with trendy restaurants, art galleries, and cultural attractions. Experience the excitement of city living with easy access to public transportation and nightlife hotspots.","Live in the heart of the city in this stylish 2-bedroom, 1-bathroom loft in Downtown. The industrial-chic design features exposed brick walls, high ceilings, and large windows with city views. The open floor plan includes a modern kitchen, spacious living area, and a rooftop deck for entertaining. Downtown is a vibrant urban neighborhood with trendy restaurants, art galleries, and cultural attractions. Experience the excitement of city living with easy access to public transportation and nightlife hotspots."
4,Mountain View Ranch,"$750,000",3,2,"2,300 sqft","Escape to the peaceful surroundings of Mountain View Ranch in this 3-bedroom, 2-bathroom home. The open concept floor plan features a gourmet kitchen, cozy fireplace, and a master suite with mountain views. The outdoor space includes a covered patio, fire pit, and expansive backyard for outdoor activities.","Mountain View Ranch offers a tranquil setting with panoramic mountain views, hiking trails, and wildlife sightings. Embrace the beauty of nature while still being close to shopping centers and recreational amenities.","Escape to the peaceful surroundings of Mountain View Ranch in this 3-bedroom, 2-bathroom home. The open concept floor plan features a gourmet kitchen, cozy fireplace, and a master suite with mountain views. The outdoor space includes a covered patio, fire pit, and expansive backyard for outdoor activities. Mountain View Ranch offers a tranquil setting with panoramic mountain views, hiking trails, and wildlife sightings. Embrace the beauty of nature while still being close to shopping centers and recreational amenities."
5,Lakefront Retreat,"$1,500,000",4,3,"3,800 sqft","Experience luxury living in this 4-bedroom, 3-bathroom lakefront retreat. The custom-built home features a chef's kitchen, formal dining room, and a grand living area with floor-to-ceiling windows overlooking the lake. The master suite includes a spa-like bathroom and private balcony. The outdoor space boasts a dock, boat lift, and outdoor kitchen for entertaining guests.","Lakefront Retreat offers exclusive lakefront living with water sports, fishing, and boating opportunities. Enjoy the serenity of the lake while still being close to shopping, dining, and entertainment options.","Experience luxury living in this 4-bedroom, 3-bathroom lakefront retreat. The custom-built home features a chef's kitchen, formal dining room, and a grand living area with floor-to-ceiling windows overlooking the lake. The master suite includes a spa-like bathroom and private balcony. The outdoor space boasts a dock, boat lift, and outdoor kitchen for entertaining guests. Lakefront Retreat offers exclusive lakefront living with water sports, fishing, and boating opportunities. Enjoy the serenity of the lake while still being close to shopping, dining, and entertainment options."
6,Hillside Haven,"$850,000",4,3,"2,800 sqft","Nestled in the hills of Hillside Haven, this 4-bedroom, 3-bathroom home offers a peaceful retreat with stunning views. The open floor plan features a gourmet kitchen, cozy fireplace, and a master suite with a private balcony. The outdoor space includes a deck, hot tub, and terraced gardens for relaxation and entertainment.","Hillside Haven is a secluded neighborhood with hiking trails, wildlife sightings, and a sense of tranquility. Enjoy the privacy and natural beauty of this hillside community while still being close to amenities and conveniences.","Nestled in the hills of Hillside Haven, this 4-bedroom, 3-bathroom home offers a peaceful retreat with stunning views. The open floor plan features a gourmet kitchen, cozy fireplace, and a master suite with a private balcony. The outdoor space includes a deck, hot tub, and terraced gardens for relaxation and entertainment. Hillside Haven is a secluded neighborhood with hiking trails, wildlife sightings, and a sense of tranquility. Enjoy the privacy and natural beauty of this hillside community while still being close to amenities and conveniences."
7,Oceanfront Villa,"$2,000,000",5,4,"4,500 sqft","Live the coastal lifestyle in this luxurious 5-bedroom, 4-bathroom oceanfront villa. The Mediterranean-inspired home features a gourmet kitchen, formal dining room, and a grand living area with panoramic ocean views. The master suite includes a spa-like bathroom and a private terrace. The outdoor space boasts a pool, spa, and outdoor kitchen for entertaining guests.","Oceanfront Villa offers exclusive beachfront living with direct access to the sandy shores, surfing spots, and seaside dining options. Experience the beauty of the ocean while enjoying the luxury amenities of this coastal retreat.","Live the coastal lifestyle in this luxurious 5-bedroom, 4-bathroom oceanfront villa. The Mediterranean-inspired home features a gourmet kitchen, formal dining room, and a grand living area with panoramic ocean views. The master suite includes a spa-like bathroom and a private terrace. The outdoor space boasts a pool, spa, and outdoor kitchen for entertaining guests. Oceanfront Villa offers exclusive beachfront living with direct access to the sandy shores, surfing spots, and seaside dining options. Experience the beauty of the ocean while enjoying the luxury amenities of this coastal retreat."
8,Garden Grove,"$600,000",3,2,"2,100 sqft","Welcome to this charming 3-bedroom, 2-bathroom home in Garden Grove. The light-filled living spaces feature a modern kitchen, hardwood floors, and a cozy fireplace. The master suite includes a walk-in closet and a private patio. The backyard oasis offers a deck, garden beds, and a pergola for outdoor dining.","Garden Grove is a quaint neighborhood with tree-lined streets, parks, and community events. Enjoy the small-town charm and sense of community in this desirable area.","Welcome to this charming 3-bedroom, 2-bathroom home in Garden Grove. The light-filled living spaces feature a modern kitchen, hardwood floors, and a cozy fireplace. The master suite includes a walk-in closet and a private patio. The backyard oasis offers a deck, garden beds, and a pergola for outdoor dining. Garden Grove is a quaint neighborhood with tree-lined streets, parks, and community events. Enjoy the small-town charm and sense of community in this desirable area."
9,Valley View Heights,"$700,000",4,3,"2,400 sqft","Discover the beauty of Valley View Heights in this 4-bedroom, 3-bathroom home. The open concept floor plan features a gourmet kitchen, formal dining room, and a spacious living area with vaulted ceilings. The master suite includes a walk-in closet and a private balcony. The outdoor space offers a patio, fire pit, and mountain views.","Valley View Heights is a picturesque neighborhood with scenic views, hiking trails, and a sense of tranquility. Embrace the natural beauty and peaceful ambiance of this hillside community while still being close to amenities and conveniences.","Discover the beauty of Valley View Heights in this 4-bedroom, 3-bathroom home. The open concept floor plan features a gourmet kitchen, formal dining room, and a spacious living area with vaulted ceilings. The master suite includes a walk-in closet and a private balcony. The outdoor space offers a patio, fire pit, and mountain views. Valley View Heights is a picturesque neighborhood with scenic views, hiking trails, and a sense of tranquility. Embrace the natural beauty and peaceful ambiance of this hillside community while still being close to amenities and conveniences."
